1731515586.000000, 1731515586.000000, 1731515586.000000
32.000000, 32.000000, 32.000000
34,-1,120
38,-9,125
32,15,127
33,-1,127
34,-1,115
34,4,119
34,-7,16
36,-4,86
33,4,103
36,-7,66
34,7,66
34,1,127
36,-7,81
34,3,113
34,4,79
35,-5,99
36,-2,80
32,10,35
34,2,113
33,7,88
35,-4,127
34,4,115
34,5,57
34,-7,38
33,-4,64
34,-2,65
33,-2,110
34,-4,116
34,-5,99
35,-1,72
33,-2,70
33,2,127
34,5,76
34,10,122
34,8,80
36,-7,75
33,-1,127
34,-1,121
34,5,103
35,-5,127
32,7,94
34,-7,34
34,8,123
33,3,49
34,-5,77
36,-7,36
34,-5,58
33,-3,-64
35,-5,91
36,-5,127
34,-6,34
36,-5,105
32,4,53
34,15,91
34,-5,35
34,-5,34
34,19,72
32,2,79
36,-8,114
32,-2,103
33,7,94
34,8,111
32,14,85
35,-2,127
33,-2,61
34,1,127
35,-5,99
32,5,62
36,-4,103
34,-2,24
35,-2,102
34,14,94
32,-3,7
34,-1,111
34,3,68
33,3,69
34,8,125
34,-4,52
33,-7,73
34,-2,79
34,-1,127
34,10,81
34,-4,127
35,-5,127
34,7,115
38,-9,98
34,7,105
34,7,116
36,-2,125
34,3,86
34,-4,76
36,-9,51
36,-7,91
34,-5,78
34,-2,14
34,5,86
34,10,111
32,3,103
34,-5,97
32,6,51
34,-2,73
36,-4,106
34,-3,52
33,7,78
37,-6,101
33,1,19
34,-7,19
32,21,25
36,-5,127
33,-3,113
35,-5,127
35,-5,65
34,-5,60
32,12,93
34,-2,114
32,12,101
36,-1,104
33,-5,105
34,-5,60
34,10,120
33,7,72
36,-5,113
36,-1,80
33,8,127
35,-5,107
35,-5,98
34,-2,90
37,-9,112
36,-5,127
36,-7,108
36,-7,64
34,10,127
33,-1,33
35,1,122
33,-2,127
34,-3,86
33,-2,61
33,-3,68
36,-4,127
34,-11,65
33,-5,10
35,-5,97
34,-3,44
33,-3,75
32,-5,42
35,-5,124
32,-1,74
32,0,82
34,5,105
33,9,98
32,17,53
33,-2,40
36,-5,94
34,4,120
34,-6,89
34,7,127
33,-3,67
34,10,69
33,-5,79
32,0,20
36,3,124
35,1,49
33,-2,46
32,7,85
35,-4,122
36,6,80
34,1,98
36,-9,98
35,-5,127
32,7,10
34,-3,64
32,-2,63
33,15,67
33,-1,58
34,10,122
34,5,74
34,13,68
34,3,67
33,-3,36
34,1,40
34,-2,88
35,-7,41
34,14,85
36,3,75
33,16,89
36,-4,127
35,-4,126
32,-2,101
34,-3,52
32,11,50
37,-11,91
35,-7,61
36,-5,80
33,-5,68
33,-5,68
34,5,78
35,4,103
33,-2,46
32,14,96
33,-5,43
32,2,68
36,-5,32
34,1,106
32,22,91
35,-3,124
32,-2,32
34,-3,115
36,-5,88
34,-3,40
34,-5,95
33,-5,32
36,-3,127
36,-5,127
35,-5,92
34,8,125
36,-2,127
35,3,72
34,5,96
34,-2,72
35,-5,121
34,7,16
34,-5,106
34,-5,100
36,-4,120
34,-3,103
37,-8,115
36,-2,122
34,-3,88
35,3,52
33,-5,23
35,-4,127
34,5,59
32,-2,75
34,-1,94
34,-1,103
34,1,74
34,-1,114
32,10,46
34,12,58
34,6,127
34,4,122
36,1,66
34,5,54
34,-3,103
33,-11,47
33,-2,108
32,20,95
37,-11,86
34,-7,73
32,-3,1
33,-1,16
35,-6,99
33,-1,67
34,-7,68
34,-4,87
35,-5,127
34,-5,66
33,7,75
35,-4,127
34,7,112
34,-2,79
36,-5,69
34,-2,106
35,-9,89
34,5,124
34,4,123
32,24,73
36,-5,127
34,-3,56
32,3,103
36,-5,79
34,-9,92
34,1,127
32,0,95
32,5,49
36,-5,51
32,-9,35
35,-5,75
32,6,106
33,-5,53
32,7,125
34,-7,34
33,4,75
34,7,75
36,1,54
34,-2,94
36,-5,94
34,2,19
35,-5,116
35,-5,123
32,6,69
36,-2,127
33,-2,84
33,-2,81
35,-3,106
33,-2,118
36,6,82
36,-1,76
36,-2,127
36,-5,127
32,12,18
36,-4,127
34,1,117
33,-3,95
35,-5,86
34,-2,127
35,-4,94
32,5,49
36,5,72
36,-11,48
34,1,127
35,2,86
34,4,85
34,-5,65
35,-5,120
34,-2,114
36,-5,126
33,-2,127
33,0,123
36,-4,127
34,6,110
36,-5,103
33,-5,17
36,-4,124
33,5,113
36,-9,120
32,9,85
34,3,61
36,-9,71
33,-2,118
33,3,99
35,-8,114
36,-4,122
33,7,95
34,0,110
36,-4,127
33,16,37
32,-3,90
35,-4,99
35,-5,103
34,-5,110
36,0,114
34,-5,125
34,5,55
34,6,119
36,-4,112
35,-5,127
34,-5,127
34,-2,98
36,-7,59
34,-4,111
34,3,34
36,1,76
32,11,114
32,8,34
34,-7,70
34,7,127
32,10,87
36,0,115
33,-2,46
34,7,127
35,1,116
34,-2,115
36,12,60
34,-1,127
34,-2,107
34,12,78
34,-9,34
34,3,75
36,1,86
34,-3,84
34,-7,60
34,1,127
34,-6,60
34,5,79
34,-2,31
33,-8,89
32,2,127
34,6,86
34,5,121
32,9,5
34,7,73
36,-5,127
34,-1,103
33,-3,119
33,-5,127
36,-7,77
34,3,-3
34,-3,73
36,-5,127
36,-5,127
34,5,105
34,-7,89
35,-2,114
35,-5,127
34,-1,127
34,-7,17
34,5,111
35,-4,86
34,0,26
32,-4,-17
34,5,91
36,3,116
32,10,126
32,5,127
35,-9,116
35,-5,127
38,-9,103
32,14,111
33,4,127
32,15,127
32,10,127
32,17,127
33,2,127
32,4,127
32,12,127
32,23,127
32,8,127
32,11,127
32,17,127
32,14,127
32,0,127
32,15,127
32,21,127
32,17,127
32,5,127
32,19,127
32,16,127
32,10,127
32,4,127
32,5,127
34,8,127
32,11,127
32,13,127
32,12,127
32,17,127
32,11,127
33,7,127
32,17,127
32,11,127
32,12,127
32,6,127
32,22,127
32,22,122
33,3,70
34,7,83
32,15,127
33,7,84
35,-4,127
32,5,90
33,4,91
33,10,48
32,-5,-19
33,-1,26
34,-5,87
34,9,54
32,5,35
32,1,120
34,-5,46
33,1,82
34,1,44
32,7,127
34,7,87
34,5,94
34,10,62
33,3,90
34,16,104
34,-2,99
32,6,123
34,3,127
34,15,90
33,7,89
35,-5,127
36,-2,127
34,4,107
33,5,110
32,9,127
34,-2,80
35,3,92
33,3,81
34,-9,46
33,-1,100
34,-11,48
32,14,110
34,7,76
32,4,24
33,7,102
36,-4,127
33,-3,87
35,1,56
32,9,126
34,-2,103
36,-7,74
34,-1,53
32,7,102
33,11,50
33,3,81
32,-3,11
36,-4,104
35,-9,111
36,-7,78
34,7,127
34,12,93
32,-5,34
34,-2,84
33,1,39
33,5,51
34,7,67
33,-1,127
34,2,115
34,-7,72
34,-7,122
34,-9,43
34,8,104
32,10,75
34,3,96
34,3,125
34,7,67
36,-7,46
34,10,127
34,-2,16
34,4,75
34,-3,52
32,15,127
34,16,66
34,10,51
33,1,56
34,3,70
32,7,109
32,7,36
32,11,127
33,3,75
33,10,86
32,3,50
32,-1,48
32,-5,74
34,-2,101
34,1,34
32,8,127
32,15,79
34,-5,77
34,6,127
32,5,127
32,17,127
32,12,127
32,7,127
32,11,127
32,8,127
32,19,127
36,1,127
34,17,127
32,10,127
32,15,127
32,1,127
34,5,127
32,10,127
32,16,127
36,22,82
34,25,48
32,26,67
34,10,67
36,23,69
34,7,95
32,38,66
34,22,53
36,9,55
32,46,51
34,12,61
35,25,43
32,22,99
32,18,127
36,23,90
32,27,77
34,31,57
34,53,83
32,60,69
34,29,68
32,75,111
38,19,93
34,53,105
32,83,96
32,42,96
32,72,116
32,98,127
34,37,103
36,39,102
32,23,65
36,29,78
34,59,98
32,37,80
38,21,94
34,32,107
34,37,67
36,35,92
32,77,127
32,95,127
32,36,127
34,63,121
32,114,106
32,72,101
32,21,127
34,18,127
32,4,127
32,12,127
32,5,127
32,9,127
32,11,127
32,10,127
32,7,127
32,11,127
32,9,127
32,12,127
32,10,127
34,-1,127
32,12,127
32,16,127
32,6,127
32,21,127
32,12,127
32,11,127
32,6,127
32,17,127
32,6,127
32,17,127
33,1,127
32,-5,127
32,15,127
32,6,127
32,10,127
32,13,127
32,7,127
32,6,127
32,8,127
32,3,127
32,10,127
32,14,127
34,-2,127
32,5,124
32,-1,113
34,1,72
34,5,56
32,2,34
34,5,127
34,7,127
36,6,86
36,-9,86
34,11,127
34,-5,63
35,-4,127
34,-3,-5
36,-9,105
34,1,58
34,8,63
32,7,127
34,-5,103
36,-7,40
32,9,91
33,4,117
34,1,42
36,-5,87
32,3,76
33,13,51
32,11,47
34,13,125
34,-5,78
34,10,120
32,18,67
36,-7,90
33,16,31
33,-6,10
35,-4,86
32,5,43
34,-5,68
32,6,121
34,-7,70
33,-5,47
34,-9,86
34,-5,51
32,-7,6
35,-5,127
32,-1,74
32,14,125
34,-2,18
34,1,34
34,6,52
32,0,-23
32,20,120
34,12,70
33,-3,119
34,1,62
34,4,112
34,-2,86
33,5,71
34,-7,64
34,7,88
34,-2,103
35,3,51
36,-5,81
33,1,55
32,3,109
35,-9,115
34,5,127
32,5,20
36,-2,97
32,7,74
33,10,96
35,-1,58
34,-5,63
34,3,27
35,-2,72
32,17,127
33,-1,71
32,18,70
34,10,127
33,8,61
33,1,90
34,5,71
32,-2,100
33,-5,4
32,-3,34
36,-5,64
33,-3,127
34,-3,49
34,-7,97
32,16,-1
33,-7,26
32,25,120
34,-7,46
32,12,47
32,9,32
34,5,127
34,-5,-22
32,-2,77
35,-9,105
33,-7,92
35,-4,104
34,-2,127
34,8,42
35,6,100
34,-3,81
35,-1,64
34,32,115
33,-5,60
34,4,86
34,10,80
36,-5,127
33,-3,62
33,2,92
33,-11,56
32,14,127
35,-9,54
35,-4,127
34,6,65
34,3,71
34,-5,103
34,-5,60
36,-5,127
34,7,114
34,-2,99
32,9,72
34,1,127
34,-7,69
36,4,98
36,1,117
34,1,127
32,8,34
35,3,112
33,5,120
36,-5,77
36,3,45
32,11,91
34,7,110
35,-4,127
36,-2,46
34,-2,126
36,-5,44
34,-3,103
35,-9,105
34,-3,95
34,2,94
33,1,51
33,-2,113
34,4,102
33,2,127
33,4,77
32,15,125
35,3,68
34,3,87
32,-2,68
35,-5,101
36,-5,52
33,-3,82
34,-3,48
33,5,67
33,-2,44
32,5,64
34,-3,45
35,-5,92
34,10,125
34,-1,83
33,-1,91
35,-5,103
36,-5,127
34,-2,24
36,-5,96
32,0,127
33,8,110
34,-2,90
34,-3,106
34,-1,93
33,5,86
32,-3,4
32,-3,85
34,-3,90
34,3,61
32,-7,0
33,-6,52
36,1,56
34,-2,120
36,-5,111
33,6,77
36,-5,105
35,-5,51
32,17,72
32,7,15
34,-2,125
34,-2,100
33,5,48
34,3,69
33,2,104
32,3,123
34,8,106
34,-5,3
32,-3,52
33,-3,29
33,-5,127
34,11,109
32,7,103
34,-4,72
35,-5,104
33,-3,82
33,-1,100
32,11,120
32,12,80
34,-2,127
33,-5,95
33,-2,58
32,9,21
34,-2,127
34,7,127
37,-9,89
34,-5,108
33,-4,73
34,-5,48
34,16,95
33,7,90
33,-1,108
34,-1,87
33,-1,97
32,-2,60
34,7,69
35,-2,105
36,-4,117
35,-4,100
33,-5,60
34,-2,90
36,-7,89
35,-5,127
33,-3,39
33,-3,120
34,-5,70
32,14,87
36,-4,91
34,-2,80
33,-2,68
36,-5,126
36,3,86
34,7,54
33,-2,54
34,14,30
34,-5,81
32,14,127
34,7,60
33,5,39
36,-5,74
32,23,106
33,7,127
34,6,127
34,7,98
33,-9,-51
30,6,4
34,1,79
32,11,92
33,0,97
34,-7,86
34,3,-6
33,-11,27
34,4,106
33,-5,69
30,7,-17
34,1,127
32,10,103
36,-11,80
32,22,106
34,-3,63
32,9,97
33,13,116
33,0,93
33,-5,18
32,7,68
33,3,97
34,-4,66
32,9,115
34,3,83
33,5,14
34,-6,53
35,-2,105
32,18,127
33,-2,61
32,-2,57
33,-5,77
32,5,40
34,-7,26
34,3,49
32,1,26
34,-11,53
33,-3,49
33,-3,32
33,-5,25
34,-7,26
32,9,-14
32,3,49
34,9,69
32,21,64
32,21,112
34,-7,55
35,-5,24
32,7,0
36,-5,48
33,-3,49
35,-2,116
34,10,120
34,-3,121
34,-3,28
36,-5,127
34,-2,70
32,20,85
33,6,127
33,-3,27
35,0,86
34,14,95
34,11,79
36,-11,93
34,1,96
34,-5,17
36,-7,55
34,6,103
34,-3,36
34,5,38
34,-3,72
34,-3,79
33,-3,38
34,-2,58
36,-5,108
32,11,81
33,-5,97
32,18,111
32,29,22
33,-5,-4
36,-9,63
34,10,120
36,-5,68
32,-2,-6
34,10,127
34,-1,68
35,-4,117
34,8,58
33,1,127
33,-7,43
32,11,127
35,-7,76
34,1,76
34,5,59
35,-5,120
34,-5,97
34,3,83
33,-1,-11
33,-9,100
34,-3,126
34,11,92
34,6,88
32,9,127
34,9,127
32,-2,9
36,-5,90
33,6,77
32,-2,66
34,1,127
34,5,89
35,-5,101
32,12,98
32,1,68
34,-7,61
34,-2,42
34,8,86
32,15,116
34,-5,55
34,-2,97
32,9,29
34,10,126
32,6,103
32,8,108
34,-5,61
32,18,103
34,8,99
33,-1,17
32,22,104
32,-2,127
34,4,111
32,5,104
36,12,56
35,-5,73
32,9,81
33,-5,21
36,-7,96
34,-3,33
32,14,127
34,1,69
35,-3,93
34,-2,127
33,-3,72
33,5,71
32,11,61
32,9,59
38,-11,80
32,5,83
34,-2,127
32,18,127
36,-5,77
34,13,90
34,10,64
34,5,95
33,9,31
36,-5,90
32,13,127
34,-5,80
36,-5,105
36,3,119
32,-6,111
33,-3,96
34,7,127
33,-3,79
35,3,99
33,6,107
34,-5,71
35,3,97
32,-3,34
33,-7,-10
34,-5,103
34,3,20
34,-2,61
32,9,127
34,7,124
35,-4,127
34,-5,41
32,18,84
34,-3,67
34,-7,25
34,-9,45
33,6,71
34,8,98
33,10,79
33,-2,127
35,-8,127
34,-2,118
36,1,85
32,7,127
33,-5,-53
32,6,73
34,-7,74
34,3,77
34,-1,127
33,3,53
33,-5,-1
36,-4,103
32,10,119
33,8,62
33,-1,111
34,19,85
32,16,120
34,-5,75
34,-1,79
32,-5,85
34,-1,112
32,20,126
32,15,90
32,2,43
32,-5,17
33,-7,52
32,12,80
34,5,86
32,12,39
32,3,24
32,1,127
32,-5,-97
34,-13,-43
36,1,86
32,19,114
32,10,67
34,3,44
32,-4,43
32,10,99
34,17,116
35,-5,127
33,-1,17
34,10,64
34,1,104
34,8,46
34,2,117
33,2,80
34,-2,97
33,5,47
34,-2,51
33,-2,127
36,4,109
34,4,94
34,-5,87
32,1,57
34,-2,81
34,-5,29
34,-2,79
32,7,10
32,5,25
34,8,74
33,6,86
33,-7,127
35,-5,92
32,8,119
36,-5,49
34,1,19
32,6,65
36,-5,26
32,3,30
33,-5,34
35,1,88
32,10,22
33,-3,35
32,4,52
33,-4,84
34,1,49
36,-5,127
34,5,49
32,2,6
32,15,96
36,-5,127
34,-1,127
35,-5,127
34,-3,14
32,-5,58
34,10,82
34,-2,98
34,10,84
34,7,122
34,-3,72
34,-5,13
36,-5,111
34,1,127
34,13,66
34,-2,71
33,2,34
36,3,44
33,-7,76
32,18,86
34,7,42
32,-7,42
32,7,49
32,-5,77
34,-2,127
34,-11,36
32,8,53
37,-13,78
36,3,93
33,1,84
34,8,82
34,16,74
34,10,100
32,5,92
32,16,61
34,-4,88
33,-2,72
36,-5,106
34,-7,68
34,13,62
33,-1,112
34,5,86
32,5,62
34,-2,119
34,-3,32
34,5,81
35,-9,71
34,13,91
36,3,95
33,-2,60
32,-3,-13
34,5,92
32,10,114
34,-7,52
34,-3,110
32,6,68
35,-9,120
32,2,81
32,-7,89
32,22,72
34,-1,84
33,-7,10
33,-3,35
34,-2,119
32,14,-1
33,7,100
33,-7,15
32,5,40
32,3,2
32,7,54
34,5,83
32,20,59
32,0,24
34,7,127
33,1,80
33,-3,27
34,-5,127
33,3,114
32,-5,2
34,3,120
34,-11,51
34,10,126
34,-9,-1
34,5,82
34,7,103
32,7,25
34,7,42
34,-11,48
34,-4,89
35,-5,127
32,0,31
32,9,8
32,-1,41
32,-5,52
34,-7,59
34,-9,78
34,-2,127
33,9,127
34,-1,90
34,3,127
32,11,109
32,2,58
32,6,79
32,12,51
32,-5,30
34,7,67
32,4,84
34,-9,66
34,-3,51
36,-9,102
36,3,112
32,14,34
33,1,60
34,-2,28
32,-5,39
34,-1,112
33,8,80
34,-9,84
32,7,127
34,-1,91
34,-5,10
33,-1,77
36,-5,113
33,6,127
34,5,127
34,14,82
34,-7,30
32,-1,27
34,9,115
34,7,87
32,0,35
32,-2,20
32,-5,-6
32,3,44
34,0,104
32,-5,57
34,-5,20
32,3,34
32,-5,2
34,-3,46
33,4,81
34,-7,18
32,9,48
34,1,38
32,0,17
33,0,92
33,0,103
32,12,5
32,5,24
34,-9,82
34,-5,54
32,-1,37
33,0,120
32,0,16
33,-5,-5
34,7,38
34,7,115
36,8,59
34,-2,81
32,11,71
34,8,89
34,13,127
32,-5,26
34,14,101
34,-2,103
34,13,63
34,5,51
34,5,94
34,3,113
34,5,32
33,0,127
34,-2,127
36,-5,64
36,-6,122
32,27,72
35,-2,127
34,-7,92
32,6,18
32,3,56
33,-5,22
32,4,53
32,2,66
34,-7,47
36,-5,54
33,-4,98
34,0,66
32,10,101
32,4,76
33,12,100
33,-6,74
32,11,52
33,-2,89
34,-4,69
34,-3,89
36,3,60
32,-3,-19
33,-7,64
34,-5,52
33,5,68
33,-2,127
34,1,19
36,0,127
32,-2,33
34,7,89
32,6,69
34,-2,127
36,0,88
32,11,106
32,-13,-128
34,4,102
34,-5,44
32,12,69
32,11,53
33,-1,93
34,-5,74
32,9,127
33,-4,73
36,-9,78
33,7,109
34,3,58
32,5,11
34,10,127
35,6,81
34,-7,36
35,-5,54
32,-5,34
34,8,127
32,18,79
32,-2,-30
32,15,46
33,-5,-11
32,3,19
34,6,127
34,-2,103
33,-2,76
32,-7,11
33,0,86
34,1,68
32,2,29
33,-2,20
32,2,91
34,-2,38
32,11,79
32,-2,27
32,18,60
36,-9,65
35,-2,76
34,1,46
34,-2,38
34,7,121
33,-3,97
34,-3,123
34,5,66
34,5,88
32,5,40
33,-5,90
34,-2,91
33,-1,47
34,10,30
34,7,81
32,16,31
33,4,112
35,-9,78
34,8,93
34,-5,34
32,4,117
32,9,75
32,18,106
33,10,67
33,-3,68
38,-13,82
33,-5,-39
32,9,76
32,14,107
33,9,115
34,-1,110
32,5,20
34,2,87
32,3,6
32,5,34
33,10,120
34,-3,3
32,10,73
34,3,120
36,3,79
34,-5,29
32,-5,102
33,-5,53
32,9,86
34,-7,65
32,5,46
32,12,83
32,-7,4
32,2,12
33,4,57
34,-5,45
33,5,78
32,1,99
34,-4,86
34,9,33
32,20,-12
34,8,77
34,-2,127
32,5,-16
34,3,113
34,5,63
33,-1,74
36,-7,34
33,4,127
32,9,39
34,7,99
32,20,36
32,-2,22
36,3,80
33,-1,96
32,14,62
33,-4,84
34,-7,66
33,4,127
35,-7,64
34,12,26
34,7,119
32,-3,95
34,-3,0
34,-5,40
33,3,79
36,-5,97
34,5,108
33,-3,14
32,16,102
35,-1,115
34,3,127
32,5,33
34,-7,27
33,-1,114
34,-11,33
33,14,71
34,3,105
34,-3,91
34,10,43
34,-4,60
36,-1,51
32,2,26
34,5,77
32,2,31
30,-5,-121
35,-4,95
34,-2,30
34,-1,42
36,6,101
32,1,-5
32,0,104
32,19,95
34,-2,66
32,-5,28
34,-2,87
32,19,120
36,-9,84
33,-3,114
33,9,57
34,2,72
34,3,126
36,-9,71
32,3,86
34,-7,23
33,-5,0
34,1,71
33,-3,104
33,-5,127
33,-5,127
33,1,6
34,-5,52
34,3,107
34,-5,55
34,4,76
34,10,91
34,-2,77
33,-7,24
32,11,56
32,9,49
32,16,127
34,-5,71
34,3,42
36,-6,106
32,13,127
34,6,64
32,5,127
33,-1,127
34,-3,42
34,-2,78
34,-3,105
32,9,27
34,9,113
32,14,103
33,-2,65
32,7,105
35,-7,121
32,-3,-32
34,-1,92
32,-9,51
34,-5,15
32,-3,86
34,-4,62
33,-5,15
34,-2,60
34,12,96
34,-2,47
34,4,89
36,-4,102
36,-5,54
30,-3,-19
34,-3,52
32,7,37
34,-2,-8
36,-5,66
32,-5,50
34,4,109
38,-9,78
33,7,29
34,5,118
32,-5,17
33,0,99
32,3,18
33,-6,96
35,-7,50
32,11,77
36,-7,81
34,-7,32
34,3,116
36,-5,127
33,7,59
34,-2,95
32,11,93
34,-7,26
32,18,67
36,-7,72
32,12,90
36,3,113
36,-5,99
36,3,33
32,1,56
34,4,96
32,9,73
33,-2,94
34,-3,85
36,-4,100
34,4,124
33,8,126
32,8,-10
32,-2,45
33,-5,127
33,-2,69
32,20,72
34,5,75
32,9,71
34,9,68
36,-4,103
36,-5,95
34,8,127
34,-5,30
32,15,65
32,5,68
33,9,69
34,-3,42
34,-3,22
33,-5,97
34,-7,60
34,-7,17
32,-2,72
33,13,64
33,0,88
32,5,9
32,-3,-4
36,-4,106
34,3,104
32,-7,65
33,0,127
37,-6,120
32,18,74
32,5,39
32,7,76
32,14,55
33,2,70
34,-5,120
32,18,79
32,11,84
32,9,94
32,11,34
34,-9,70
34,4,70
35,-5,56
32,8,103
34,7,24
32,12,43
32,9,-19
33,9,79
32,5,51
33,-4,39
33,13,54
34,-5,38
32,19,94
36,-5,51
34,3,93
33,6,44
36,3,109
34,7,127
34,-5,99
33,-7,92
36,-5,93
34,0,104
32,-5,110
34,4,127
32,18,63
34,-11,36
37,-1,85
33,4,99
34,-2,40
33,10,127
33,-2,127
33,-2,65
34,3,109
33,2,78
34,7,127
32,9,127
34,4,78
34,-7,-2
32,-7,18
34,3,68
32,-3,26
33,5,20
32,3,6
33,7,127
33,3,58
33,-3,53
32,-9,-95
32,-11,68
35,2,58
32,3,55
35,-4,107
34,-2,54
34,-3,72
34,-7,44
34,7,68
32,-2,2
32,1,-11
33,-5,127
34,10,90
34,8,101
34,-3,93
34,1,39
34,5,79
32,5,36
33,4,118
34,-2,58
34,-1,127
33,-9,117
35,-9,116
32,10,121
33,5,67
35,-4,105
32,4,7
32,1,34
34,-7,84
34,14,91
36,-5,54
34,5,69
34,3,83
36,12,64
34,12,27
32,14,99
34,-1,73
32,-2,74
34,-5,66
32,-9,26
33,7,85
32,-5,-12
34,5,127
35,3,66
34,-5,46
32,-3,22
32,-2,73
32,12,53
34,-4,127
34,1,79
33,5,70
35,3,127
35,0,40
34,1,44
33,8,28
32,18,122
32,-4,127
34,6,99
32,7,56
34,-5,0
34,-2,127
34,3,53
34,-7,64
33,-3,5
34,9,50
32,-6,96
33,-1,127
34,-1,66
34,-2,52
32,-2,0
36,-1,88
34,5,30
34,-3,44
34,2,52
34,14,58
34,3,52
32,-2,37
34,0,78
34,11,81
32,18,127
33,-7,33
34,12,38
32,9,-33
32,-3,35
36,3,48
32,8,123
32,11,83
36,-5,81
32,-7,-50
34,7,75
33,1,56
32,18,100
32,-3,31
32,18,127
32,12,40
33,9,123
34,-5,25
32,7,38
33,4,125
35,-5,104
32,-2,54
34,8,62
34,9,87
33,-3,67
32,15,127
33,4,68
32,1,29
34,7,16
36,-1,69
33,-5,4
32,16,77
34,-2,73
32,0,9
34,-5,41
32,-9,127
36,-4,111
32,11,41
34,14,85
33,-3,72
32,11,125
33,10,97
32,3,50
32,15,127
34,-4,78
34,-5,87
32,-2,-6
34,-3,94
34,-1,103
35,-7,56
33,8,76
34,-7,103
34,7,101
32,13,69
34,-2,75
32,5,0
34,-1,126
34,5,42
34,-1,123
34,-2,74
32,-3,-18
32,4,38
33,-2,28
35,-7,58
32,1,96
32,25,93
32,-5,62
34,-3,24
34,-5,74
32,24,83
32,-5,48
34,7,106
35,2,113
34,-7,93
34,-2,66
32,5,63
34,-5,109
33,-3,127
34,5,96
35,-7,84
32,-5,62
33,1,123
32,11,109
35,3,50
32,-2,-34
34,6,81
33,-4,127
35,4,107
33,5,12
34,3,86
34,-9,87
36,-1,64
32,3,-6
32,0,17
33,-1,102
34,-9,22
34,-2,119
35,-4,83
34,7,100
32,-3,25
34,3,68
33,-2,82
33,13,109
32,-5,11
32,7,127
34,-7,110
32,13,54
35,-7,85
36,-9,44
34,-7,71
32,8,127
33,-3,-1
34,5,20
33,-5,-8
34,3,61
34,1,42
34,-1,94
32,21,61
34,-3,94
36,-7,54
33,0,2
36,-5,40
36,-5,66
34,7,99
32,-7,-20
36,-4,96
33,-1,42
34,-2,69
35,-9,121
32,16,54
34,-5,-2
32,5,58
32,13,61
35,-5,82
32,-7,83
32,3,31
34,-2,127
33,-11,1
34,-3,97
33,-2,103
34,-7,46
32,-1,46
32,-11,-76
33,-2,127
32,4,23
34,-5,58
32,15,124
34,-7,41
36,-2,97
34,16,86
32,-5,64
34,-5,127
34,5,40
34,3,116
32,19,86
32,13,127
33,10,92
33,-2,-1
35,-8,123
34,-9,62
36,7,88
33,12,60
35,3,49
34,2,127
34,5,108
34,1,17
34,-7,24
36,-5,105
34,7,112
34,-7,22
33,7,127
36,-9,120
32,-5,97
35,-5,119
34,3,22
32,5,127
36,-5,91
32,3,61
33,-1,103
34,-7,40
33,5,64
34,14,83
35,-5,127
34,1,127
32,3,88
36,-9,89
33,7,66
34,1,127
36,-5,127
32,17,79
33,7,119
34,4,127
35,-1,107
34,1,96
33,12,39
32,-1,127
34,-1,69
36,-2,127
34,-5,51
35,-9,127
33,-5,46
32,7,26
36,-5,106
34,1,127
32,17,111
36,-5,120
34,5,101
34,-5,53
33,-4,83
34,-5,22
36,5,100
38,-9,82
34,5,29
33,9,123
34,10,126
32,8,104
34,1,127
34,3,90
34,16,66
34,1,78
36,-5,101
32,18,19
34,-3,127
34,1,21
32,9,61
34,7,122
33,5,32
33,1,121
36,3,59
35,0,101
32,20,48
32,10,84
36,1,101
35,-7,28
34,-3,65
34,-5,103
32,20,44
33,-6,72
34,3,26
33,7,25
33,8,59
33,-2,93
33,2,64
32,18,127
32,-5,40
33,7,108
34,3,109
34,7,59
33,-1,70
34,1,124
33,-5,107
34,-3,75
32,2,107
34,11,127
33,5,76
36,-2,96
35,-5,119
33,-3,121
36,-1,103
36,-5,102
32,11,121
35,-5,94
33,-2,93
35,3,120
35,-2,120
35,3,113
33,-5,97
35,-4,103
34,3,117
34,1,127
33,3,59
34,1,127
34,3,101
32,-7,41
34,5,76
36,7,86
36,-5,109
36,-5,56
36,-9,50
32,21,72
34,1,20
34,-5,96
36,-4,101
32,5,118
34,-1,109
36,-5,81
34,-3,91
33,-1,30
32,22,43
35,-2,112
34,-2,92
36,-5,56
34,1,115
32,20,121
33,-9,62
35,-1,68
32,8,54
36,4,95
36,-4,127
34,0,127
33,7,99
35,-7,54
36,1,85
33,3,16
34,-3,0
32,14,101
33,1,127
34,12,42
33,3,72
33,5,77
33,-3,64
36,0,110
34,8,127
36,-4,127
36,0,102
34,14,80
33,-7,89
33,16,102
33,-3,53
32,5,55
34,-7,28
32,-2,60
34,17,85
33,-7,71
32,11,46
34,16,104
33,6,101
32,18,117
33,-7,8
32,5,62
33,14,85
33,3,82
32,-2,108
32,7,101
34,-2,116
34,-5,31
34,-5,87
36,-5,83
32,20,78
32,15,96
34,-1,85
37,-9,127
35,-7,51
36,-5,127
34,-2,127
32,3,60
34,-3,34
33,-2,64
34,-5,60
32,0,22
34,5,44
32,8,55
32,18,41
36,-9,78
34,5,96
36,-1,59
34,-1,127
32,7,127
34,6,127
32,7,127
32,9,127
32,11,127
32,5,127
32,4,127
32,11,127
32,11,127
32,13,127
32,8,127
32,12,127
34,14,58
34,1,127
36,-5,127
33,-1,-9
32,8,42
35,-2,127
32,-2,84
32,2,127
32,6,127
32,6,127
32,13,127
32,16,127
32,8,127
32,8,127
32,0,127
32,15,127
32,12,127
32,8,127
32,13,127
32,15,127
34,38,95
32,68,119
34,84,127
32,112,127
32,91,127
34,6,127
32,22,124
32,79,116
32,47,114
32,77,118
36,16,82
32,10,127
32,0,127
36,1,54
34,-2,121
37,-9,58
35,-5,109
36,3,99
34,10,122
35,-5,86
34,5,95
33,5,127
34,10,34
36,-2,127
33,9,96
32,21,114
33,5,62
33,4,127
32,10,127
32,6,60
35,-5,83
34,4,82
34,-7,80
34,-2,107
33,2,117
32,7,71
34,12,127
32,12,127
32,56,106
32,96,126
32,78,81
33,21,127
32,6,127
36,13,83
32,12,127
32,7,127
34,11,127
34,12,110
34,6,66
32,-3,46
34,5,24
33,-3,48
34,12,28
34,-9,35
32,10,85
32,14,68
32,-2,-3
32,-5,15
33,7,57
36,-9,122
32,11,127
32,10,127
32,10,127
34,51,127
34,87,112
32,84,105
34,32,84
32,76,127
32,9,127
32,9,127
32,7,127
32,16,127
32,6,127
32,10,127
32,14,127
32,13,127
32,2,127
32,4,127
32,12,127
32,7,127
32,9,127
32,4,127
32,11,127
32,14,127
32,3,127
32,10,127
33,7,127
33,-2,127
32,15,127
32,14,127
32,13,127
32,4,127
32,14,127
33,-2,127
33,-2,127
32,10,127
32,8,127
32,14,127
32,8,127
32,3,127
32,2,127
32,3,127
32,16,127
32,3,127
32,9,127
32,22,127
32,4,127
32,6,127
32,7,127
32,15,127
32,8,127
32,13,127
32,3,127
32,18,127
32,3,127
32,10,127
32,10,127
32,3,127
34,4,127
32,3,127
32,17,127
32,9,127
32,18,127
32,11,127
32,7,127
32,12,127
32,13,127
32,13,127
33,8,127
32,5,127
32,5,127
32,3,127
32,4,127
32,14,127
32,12,127
32,5,127
32,3,127
32,3,127
32,8,127
32,7,127
32,5,127
32,10,127
32,6,127
32,5,127
32,3,127
32,10,127
32,8,127
32,6,127
32,3,127
32,4,127
32,-3,127
32,11,127
32,5,127
32,9,127
32,3,127
32,1,127
32,7,127
32,3,127
32,10,127
32,6,127
32,4,127
32,12,127
32,8,127
32,3,127
32,5,127
32,5,127
33,8,127
32,8,127
32,6,127
34,4,127
32,14,127
32,9,127
32,19,127
32,2,127
32,6,127
32,5,127
32,7,127
32,16,127
32,8,127
32,15,127
32,3,127
32,9,127
32,3,127
32,5,127
32,2,127
32,11,127
32,9,127
32,3,127
32,3,127
32,2,127
32,1,127
32,9,127
32,3,127
32,10,127
32,9,127
32,3,127
32,3,127
32,16,127
32,10,127
32,9,127
32,2,127
32,6,127
32,11,127
32,7,127
32,6,127
32,10,127
32,3,127
32,3,127
32,10,127
32,12,127
32,9,127
32,8,127
33,5,127
32,6,127
32,3,127
32,4,127
33,6,127
32,3,127
32,11,127
32,3,127
32,19,127
32,3,127
32,5,127
32,13,127
32,14,127
32,13,127
32,7,127
32,14,127
32,13,127
32,6,127
32,1,127
32,5,127
32,6,127
32,10,127
32,9,127
32,8,127
32,13,127
32,3,127
33,10,127
32,7,127
32,7,127
32,19,127
32,9,127
32,11,127
32,2,127
32,3,127
32,14,127
32,2,127
32,15,127
32,10,127
32,0,127
32,8,127
32,13,127
32,14,127
32,8,127
32,16,127
32,4,127
32,1,127
32,12,127
32,11,127
32,11,127
32,11,127
32,1,127
32,17,127
32,6,127
32,4,127
34,-2,127
32,12,127
32,1,127
32,12,127
34,1,127
32,3,127
32,9,127
32,20,127
32,11,127
32,2,127
32,4,127
33,-1,127
32,4,127
32,2,127
32,7,127
32,8,127
32,7,127
32,8,127
32,9,127
32,8,127
32,11,127
32,2,127
32,2,127
32,2,127
32,3,127
32,11,127
32,7,127
32,6,127
32,0,127
32,8,127
32,21,127
32,7,127
32,3,127
32,10,127
32,6,127
32,3,127
32,15,127
32,5,127
32,13,127
32,13,127
32,8,127
32,4,127
32,14,127
32,3,127
32,14,127
32,13,127
32,3,127
32,9,127
32,9,127
32,11,127
32,5,127
32,6,127
32,6,127
33,8,127
32,8,127
32,3,127
32,9,127
32,5,127
33,1,127
32,5,127
32,2,127
32,12,127
32,17,127
32,8,127
32,3,127
32,6,127
32,15,127
32,3,127
32,10,127
32,1,127
32,6,127
32,9,127
32,5,127
32,2,127
32,7,127
32,13,127
32,2,127
32,9,127
32,9,127
32,7,127
32,2,127
32,5,127
32,13,127
32,7,127
32,6,127
32,24,127
32,17,127
32,11,127
32,6,127
32,8,127
32,10,127
32,13,127
32,1,127
32,10,127
32,10,127
32,9,127
32,2,127
32,6,127
32,7,127
32,5,127
34,1,127
32,5,127
32,3,127
32,7,127
32,4,127
33,-2,127
33,-3,127
32,7,127
34,10,127
32,3,127
32,6,127
32,7,127
32,13,127
32,11,127
32,4,127
32,9,127
32,2,127
32,11,127
32,9,127
32,11,127
32,22,127
32,9,127
32,8,127
32,11,127
32,16,127
32,3,127
32,16,127
32,5,127
32,0,127
32,9,127
33,12,127
34,5,127
32,12,127
32,4,127
32,3,127
32,18,127
32,9,127
32,9,127
32,3,127
32,10,127
32,9,127
32,17,127
32,8,127
32,11,127
32,6,127
32,13,127
32,12,127
32,7,127
34,-2,68
34,-5,73
33,4,98
35,-7,110
36,-5,127
33,-1,72
33,-2,60
33,-2,127
32,10,127
32,1,108
34,5,72
32,-4,80
33,-3,66
35,5,93
32,7,119
33,-5,74
32,7,39
33,-3,102
34,-5,31
33,4,70
32,8,127
34,-6,86
32,6,47
-5,-51,-6
61,10,45
33,-2,127
32,10,127
33,-5,56
32,1,94
32,9,68
32,-2,82
32,9,32
33,-6,105
36,-9,117
34,-2,112
32,-2,-7
32,2,127
33,-1,86
34,0,87
36,1,68
34,3,81
34,7,127
32,-9,-14
34,-7,50
34,-1,115
34,-5,85
34,1,103
36,-9,41
34,4,127
34,-2,108
34,-9,58
34,-5,58
32,24,29
35,-5,62
32,-2,6
36,-9,66
32,7,85
34,-2,95
34,7,127
36,-2,127
36,-5,98
32,-2,11
34,4,101
34,-5,54
33,-1,36
33,9,115
36,-9,85
32,5,27
33,-7,109
34,-2,87
34,-2,105
34,7,127
32,4,80
32,-2,-22
32,-2,86
36,-4,95
34,-1,127
34,-2,127
34,5,17
32,-3,52
35,-5,83
34,-2,106
33,3,88
33,0,56
35,6,89
36,-5,91
34,-3,90
36,-9,76
33,1,124
34,-3,59
32,2,127
32,-7,36
34,6,75
34,-11,91
36,-7,106
32,16,107
32,7,86
32,3,43
34,3,66
34,-2,18
34,-6,11
34,-2,103
34,5,86
34,10,79
32,8,48
34,6,98
33,-3,85
34,6,82
34,-9,-36
34,-1,95
34,-2,60
34,3,86
34,-1,127
32,17,127
33,-7,2
32,1,60
32,12,127
34,5,64
34,-5,44
32,2,-22
32,-5,3
33,0,45
33,-9,-37
33,3,47
32,19,90
34,-2,42
34,-3,82
35,-5,127
35,-4,81
33,-11,-1
33,5,76
33,9,27
34,-4,79
34,6,127
32,12,124
36,-1,58
34,-4,96
34,9,94
32,14,61
34,-2,79
32,9,84
33,-3,38
36,1,46
33,6,63
37,-9,124
35,0,124
32,11,108
36,-9,76
33,-1,76
33,6,90
31,-7,-56
34,-1,127
34,-2,121
34,10,117
32,14,109
34,6,110
35,-4,76
34,-2,103
33,5,43
34,-5,60
33,-7,34
34,13,97
30,0,6
32,3,108
32,13,94
32,-2,-22
33,11,59
34,9,52
34,5,67
32,12,31
35,-5,124
35,3,127
33,-3,50
33,-3,69
33,5,10
34,-2,52
34,7,88
32,-3,-24
34,13,120
32,-5,82
32,8,51
33,3,62
32,21,69
32,11,-19
32,14,120
33,-6,76
32,-3,59
34,10,78
34,-3,93
34,-5,80
34,-5,59
34,-4,52
32,-9,-128
34,-1,112
32,-2,-18
34,22,40
34,3,100
33,6,66
33,0,36
32,14,102
34,4,90
36,-9,64
33,-1,118
34,10,101
34,-2,91
33,-2,108
33,6,50
32,10,98
35,-5,106
34,6,106
34,1,78
34,1,46
34,-2,72
34,-9,120
32,15,127
34,-5,42
32,7,44
32,14,48
32,18,118
34,4,80
33,0,54
32,15,57
33,-7,6
34,-2,50
32,2,127
32,3,58
32,1,80
32,19,120
32,-5,69
33,-5,52
34,7,102
34,3,102
32,-5,107
32,-3,-19
33,-1,122
33,-4,127
34,5,73
32,23,109
33,-3,125
37,-9,76
34,-7,72
33,6,68
32,9,127
32,17,43
33,0,-12
33,-3,52
33,-3,31
32,0,72
32,7,123
34,3,42
34,3,42
32,7,118
34,-2,51
34,-2,116
34,-7,56
34,8,86
34,-3,73
34,-3,26
34,-7,98
32,8,75
32,0,44
34,-5,79
30,-5,-52
34,11,69
34,-5,-19
32,14,27
34,-2,68
33,-2,63
34,-2,120
32,10,68
36,-5,52
32,-5,-4
36,-6,127
36,3,101
35,-5,43
32,10,126
34,-7,38
32,3,62
34,7,49
34,-2,98
33,1,127
34,-4,68
34,-11,71
32,16,85
34,7,40
32,8,48
32,5,53
32,-2,62
32,-4,74
30,3,-37
36,-5,82
33,3,88
34,-1,109
34,1,68
34,-3,29
34,3,91
32,5,123
34,8,92
34,-5,90
32,14,86
36,-7,33
32,-1,59
34,2,18
34,-5,74
32,1,71
33,-3,84
32,16,66
34,7,72
33,6,65
36,6,110
33,2,76
33,-5,49
32,-3,-3
34,5,58
34,14,93
32,-7,34
33,10,54
32,9,32
32,-2,-17
34,5,68
33,0,109
34,5,106
36,3,112
32,2,102
32,-5,65
35,-7,33
33,-2,52
34,-6,96
32,0,120
34,-4,73
33,-1,67
34,-5,49
34,-5,99
34,14,119
33,-3,56
35,-5,117
33,5,91
32,5,9
34,5,106
33,-1,68
32,-5,43
32,18,44
33,3,38
34,3,125
34,-5,6
34,5,26
32,-2,63
32,-3,20
32,-3,100
33,5,127
32,-11,-59
32,16,86
34,-2,101
33,-2,54
34,-3,51
34,6,80
34,3,81
32,7,58
32,-2,83
36,-5,93
32,9,72
34,1,122
34,12,92
35,-9,50
34,-5,34
32,3,0
33,9,121
34,-5,69
32,9,127
36,-7,106
32,7,31
34,10,62
34,5,85
32,-5,5
36,-7,64
34,-7,52
35,-5,127
32,12,75
36,3,88
36,-7,72
33,-3,52
35,-9,73
32,10,86
32,5,27
34,-7,42
35,1,103
34,-5,68
35,-5,95
36,-5,78
33,-5,58
34,-9,6
36,3,60
34,7,70
34,-9,24
33,0,118
33,5,27
34,-3,127
34,-7,40
34,8,127
35,-4,127
34,-5,67
34,7,-1
33,-11,42
35,-9,107
34,-7,55
33,3,127
36,-5,111
34,-3,103
34,1,127
36,3,107
34,1,70
32,8,127
34,-2,109
33,-2,58
34,4,127
34,-2,35
34,13,127
32,9,96
33,-2,127
35,-4,115
36,2,55
36,-2,116
34,10,127
35,-9,64
34,-2,89
36,-5,70
34,6,52
34,-1,120
35,-9,49
32,9,127
32,-5,60
34,5,22
34,-4,127
34,-2,86
34,13,54
34,-7,52
33,-5,87
35,-5,127
36,-6,100
32,6,94
36,-9,50
33,-3,59
34,9,119
34,3,69
32,-7,7
32,14,85
36,-5,127
35,-2,127
34,-1,127
36,-4,127
37,-8,110
34,1,59
36,-2,127
34,3,86
34,5,56
32,6,81
34,-5,125
34,-5,81
35,-5,127
34,-7,97
36,-9,107
33,-3,-39
35,5,105
32,11,127
36,-7,69
34,-7,35
34,-3,73
34,-2,108
34,7,61
34,-5,87
33,-1,85
36,-7,44
33,-3,37
32,-2,27
32,20,92
33,5,-25
32,5,54
32,7,105
34,-5,90
34,-4,72
34,-5,96
34,-5,61
35,-4,127
33,-2,75
34,6,85
34,8,127
34,-1,68
34,5,54
36,-9,58
34,14,87
35,-5,127
36,-4,120
33,5,0
34,-7,127
36,-1,52
34,7,127
36,-2,61
34,-5,56
34,-2,59
34,5,83
33,-1,99
35,-4,127
33,6,96
32,18,59
34,1,127
35,-5,91
34,-4,70
34,-1,124
34,-5,100
34,16,81
36,-5,127
33,-5,39
34,-5,43
34,2,84
33,1,89
36,5,114
34,5,63
33,1,51
34,8,81
34,-7,12
34,5,63
34,-3,88
34,2,72
33,3,127
36,0,107
32,-5,36
34,-2,117
33,-2,108
33,-2,81
35,-5,82
35,-5,125
35,-5,84
33,-3,43
34,-9,125
34,2,39
33,-1,51
34,1,127
34,-3,98
33,3,87
34,7,127
33,5,62
33,-3,56
34,-7,75
34,-2,127
34,1,127
34,-5,88
34,-5,97
36,0,127
32,22,103
33,-3,76
34,7,64
32,23,68
33,-5,61
34,4,127
33,-1,127
33,2,25
34,-2,106
36,-2,85
36,-5,117
34,-7,113
34,7,127
36,-7,73
33,-3,-11
34,3,28
33,-3,127
33,-2,127
33,-2,121
35,-5,97
34,5,127
34,1,113
36,-5,111
33,12,64
32,-2,12
33,-3,91
32,-2,99
33,2,105
34,-2,40
35,-5,127
34,7,127
34,-5,47
32,9,72
36,4,68
32,21,49
32,14,115
32,-5,55
34,5,52
32,18,63
34,-7,58
35,-7,46
35,-5,103
36,-6,111
34,-1,74
36,-8,126
34,-3,123
32,14,86
34,-1,106
37,-4,93
33,-2,40
32,19,95
34,-1,112
34,-5,66
36,0,116
32,7,37
37,-9,111
35,-5,126
34,5,103
33,-5,57
36,-5,105
33,17,38
35,3,101
36,-2,127
37,-9,72
32,-4,17
34,3,88
34,-2,74
34,-3,109
34,4,119
36,-7,60
34,-3,93
35,-9,116
34,-2,127
35,-5,127
33,7,83
33,6,105
33,-6,83
34,-5,113
33,-7,86
33,-2,113
32,15,118
36,-5,127
34,-5,99
35,-1,114
34,-2,56
34,-2,124
34,-2,107
34,7,93
36,-4,127
34,4,94
33,6,112
34,-7,85
32,8,56
36,-2,120
32,17,86
32,16,100
34,-2,55
34,-9,111
34,-1,51
36,-9,62
33,1,31
34,-5,127
34,-2,114
34,-5,10
34,0,101
33,-1,77
32,-2,66
33,5,-6
32,14,73
32,15,127
35,-11,41
32,-3,7
34,3,54
34,2,91
33,-9,86
34,5,91
32,11,79
34,-7,35
35,-5,79
34,-2,106
35,-1,89
38,-9,76
34,-7,103
34,10,127
33,18,37
34,-5,127
34,5,10
34,2,42
36,3,106
34,-2,76
34,-7,71
32,-5,56
32,5,109
36,-4,64
34,-2,90
32,16,112
34,-3,39
33,1,103
36,-4,108
34,5,82
32,18,113
32,11,127
36,3,115
34,7,127
32,10,105
32,-7,54
34,7,81
35,-7,44
36,-5,127
33,-1,36
36,-7,46
34,-2,127
32,-7,33
33,0,69
32,-2,48
36,-5,127
33,4,51
32,-5,10
33,-5,81
35,-1,91
34,-2,127
34,12,42
34,-7,51
36,1,87
33,-2,2
34,4,127
34,2,127
33,-3,62
35,-7,120
32,12,44
35,-5,103
34,7,96
35,-7,112
33,0,127
34,6,105
33,-3,68
34,4,127
33,-1,36
32,9,91
36,1,68
34,1,108
34,7,102
34,-4,63
34,5,79
36,12,60
33,-2,87
36,-7,68
34,-2,112
34,-2,54
34,3,70
34,-9,89
34,8,123
33,7,125
35,-7,127
33,17,-1
34,1,117
32,18,120
33,-1,103
35,-5,99
36,-4,127
37,-2,86
34,7,71
33,9,120
34,3,76
34,3,64
34,-7,78
32,11,10
35,6,94
33,-4,56
35,-5,77
38,-9,70
36,3,86
34,22,44
37,-9,58
34,-2,127
34,5,69
34,0,106
32,-5,76
34,7,91
34,5,117
34,8,66
34,12,83
37,-9,113
32,-2,27
33,-3,94
32,3,20
33,7,122
34,-3,57
33,7,52
32,-2,4
34,-9,37
33,4,127
36,-2,81
33,-4,42
34,-2,77
34,3,83
33,8,82
32,5,42
35,3,94
32,10,20
34,-2,69
34,-9,86
34,-5,63
33,3,67
33,5,101
33,-2,58
34,-5,7
35,-5,103
34,5,74
33,0,123
32,11,6
32,9,123
32,14,127
34,5,67
34,1,115
34,16,72
34,-5,81
34,8,85
34,13,87
38,-9,78
34,1,110
36,1,56
35,-5,114
34,-5,0
32,-3,-38
32,12,71
34,5,74
34,10,58
36,-2,127
34,7,72
32,-2,63
34,1,63
34,7,20
33,-7,50
34,-5,117
34,7,127
32,16,109
36,3,56
34,1,104
34,-1,110
34,14,93
35,-5,65
32,8,101
34,-5,8
35,-1,93
34,-5,101
34,3,70
34,9,78
32,2,33
34,7,82
34,-5,66
33,-2,46
36,-5,104
34,-2,119
34,-5,50
33,3,61
35,-5,82
36,-5,94
34,-2,96
36,-2,80
35,2,111
34,-2,92
34,7,20
34,12,65
33,-3,65
34,7,127
36,-1,64
34,-2,24
34,6,121
34,7,91
35,3,47
33,-4,51
34,-3,84
33,0,79
35,-7,70
34,-3,93
35,-5,91
34,-2,127
33,3,66
32,0,-4
36,3,96
33,12,117
34,-5,51
33,3,67
33,-7,2
32,14,12
34,-8,118
38,-9,72
32,7,114
34,1,54
32,-1,53
33,5,64
35,-2,127
36,0,121
32,26,81
34,-3,53
36,-5,127
34,-2,107
36,2,106
35,-5,127
34,5,85
34,2,30
32,-3,25
34,5,72
33,-5,96
34,-6,88
33,12,68
34,3,119
35,-9,109
32,7,33
34,-1,127
36,-4,109
34,4,113
32,1,16
33,3,113
36,-5,111
36,-2,114
33,-3,113
34,-2,127
34,-1,127
36,12,64
33,1,83
34,8,124
35,8,62
35,-6,107
36,-5,110
35,-4,69
37,-13,81
35,-5,127
34,5,73
34,-5,90
34,7,58
32,16,96
37,-9,123
34,5,68
33,-5,31
34,-2,103
34,5,77
34,16,86
32,21,96
34,3,107
37,-9,66
34,7,127
34,3,101
33,6,49
32,6,114
34,4,97
34,-3,62
32,-1,74
34,2,119
34,3,52
33,-5,89
34,3,75
36,-11,34
36,-5,108
34,-5,101
35,-4,90
37,-9,119
36,0,116
34,-9,84
33,-1,96
34,-1,127
35,-5,116
36,-5,127
33,-2,34
32,9,127
36,-5,87
34,14,74
35,8,60
32,-1,-16
34,1,62
34,-2,127
32,10,116
33,7,76
36,8,54
36,-7,101
32,14,71
34,5,67
32,-2,127
34,13,86
38,-6,114
35,-5,125
35,-5,127
36,-5,84
36,-5,68
34,-5,62
33,-7,56
34,6,71
34,1,43
35,-5,107
36,8,73
33,-5,117
33,-5,39
35,-9,95
36,-9,64
34,3,44
34,1,42
34,-5,87
34,-3,71
36,1,96
36,-2,110
34,-4,127
34,-3,66
33,-7,23
34,5,99
34,-2,46
34,5,42
34,-7,77
34,5,38
34,7,49
33,1,121
34,3,99
34,7,86
34,6,111
34,-1,102
32,8,73
36,-4,127
34,7,124
33,-1,118
34,-1,113
34,-2,127
34,7,106
35,-2,84
33,10,74
34,3,56
34,-3,102
33,-5,52
36,-7,94
36,-5,108
33,5,30
34,-2,121
36,-1,55
33,-1,47
33,5,81
33,-1,21
36,-9,104
33,-6,82
33,-2,103
32,7,86
36,-5,103
34,-3,114
34,-5,46
34,0,84
34,-7,44
33,9,89
34,10,127
34,-1,107
34,-2,48
34,-3,117
34,-5,109
33,-1,95
33,-9,-2
34,6,90
32,20,104
33,-2,97
36,-9,30
33,-5,127
34,-2,71
34,12,84
34,3,20
38,-9,80
36,-5,127
33,5,83
34,-5,46
32,14,53
36,-5,97
34,-3,102
32,6,76
34,1,127
33,3,54
36,-7,61
34,-3,56
34,7,117
36,-7,121
34,-5,88
32,7,82
36,-4,109
34,14,82
34,3,100
36,3,56
36,-5,127
33,8,59
33,1,-21
34,2,103
34,5,54
37,-9,76
33,-1,28
34,-9,41
32,11,27
33,-1,127
34,1,127
36,-5,91
36,-7,81
34,5,80
36,-4,127
33,1,61
33,0,76
34,-2,80
35,-7,48
36,-9,120
35,3,127
34,-1,119
33,-3,126
32,11,118
36,-5,101
34,-2,103
34,5,108
36,-5,126
36,-5,108
33,6,127
36,2,85
33,-2,123
36,-5,38
33,-2,127
34,7,127
32,-7,5
34,4,123
34,-1,93
36,-2,127
32,18,64
32,-7,20
36,-9,68
33,-7,112
34,7,127
33,7,111
32,16,80
33,12,93
34,-1,112
35,-5,120
36,-2,127
33,0,127
34,-3,62
33,-5,13
36,-5,108
34,-3,127
35,4,80
32,12,69
36,1,84
32,12,127
34,10,127
33,-7,36
37,-8,123
35,-9,55
36,3,103
33,-1,80
34,7,120
35,-9,58
33,-7,37
32,-3,84
34,-5,17
32,2,2
34,1,127
32,4,106
35,-5,115
34,-2,127
34,-5,114
35,3,63
34,2,42
34,-9,-20
32,7,109
34,-5,47
34,-4,95
33,-1,29
34,8,115
32,9,111
34,-7,46
36,-5,77
32,2,106
33,-3,105
33,2,22
16,-2,127
33,-2,127
33,5,101
32,18,20
34,8,70
32,9,56
36,-5,127
32,0,32
34,-9,120
32,-1,80
34,3,55
32,7,66
32,-5,8
34,-9,47
32,2,127
34,-3,65
36,-8,127
32,3,124
33,1,34
32,1,66
34,-3,16
34,-9,54
32,21,93
34,5,36
34,-7,61
32,-9,-11
37,-9,120
32,9,71
34,-3,114
34,-2,17
35,-7,92
33,-2,69
32,11,82
32,10,127
33,7,122
32,8,80
34,-9,74
33,12,60
32,-1,127
32,13,117
32,-3,47
33,5,127
34,-4,79
34,1,53
34,7,71
32,-5,-42
34,16,92
32,4,11
32,7,69
32,7,75
33,9,109
32,-7,61
32,9,60
36,-1,126
33,-2,108
32,-2,47
32,22,106
34,1,49
35,-5,108
34,-2,34
33,-2,23
34,-7,62
34,-2,51
33,-5,86
34,-5,112
34,5,127
36,-5,69
32,5,73
34,-5,66
34,-3,74
36,-7,38
34,-5,57
36,-9,38
34,1,127
34,-2,107
32,5,117
36,-7,85
32,0,25
34,1,109
35,-5,127
33,-5,11
33,10,69
34,-5,123
33,-3,-27
35,-7,116
34,-7,22
34,-5,99
32,7,74
36,9,86
34,-2,86
33,-5,77
32,-3,104
33,-5,84
32,4,127
33,6,127
34,5,68
34,-2,127
33,-2,107
32,9,26
32,10,89
36,3,34
34,5,83
36,6,92
36,3,86
33,5,55
33,9,89
34,-1,111
37,-8,127
34,-3,41
34,10,90
36,-7,80
34,-1,82
36,-5,127
34,3,62
35,-2,75
34,3,44
34,7,127
34,-4,94
34,9,127
34,1,127
32,9,44
34,-11,85
34,8,126
36,-2,127
32,8,57
34,-2,89
37,-8,121
33,-5,92
36,-5,126
36,-7,58
32,5,108
34,-3,96
34,5,120
32,-9,31
34,7,98
34,1,127
34,12,127
32,7,88
34,4,110
35,-5,109
34,-2,28
34,2,46
36,-11,40
34,15,127
34,1,127
32,-1,65
36,-7,42
34,8,74
35,-5,102
34,-1,98
33,3,69
36,-7,126
35,-2,127
36,-4,105
36,2,121
32,21,127
32,9,-24
33,0,126
35,-5,84
35,-5,110
36,-3,121
34,3,127
36,-5,107
32,-3,127
34,-2,127
33,20,78
32,11,127
34,-2,127
32,5,127
32,7,127
32,2,127
32,27,127
32,25,127
32,9,106
32,0,127
34,4,127
32,0,127
34,-2,127
32,2,127
36,-9,72
32,12,127
35,-2,103
35,-1,53
33,4,66
34,-3,110
33,-4,56
34,-2,95
33,-9,118
32,10,4
35,-5,127
33,3,67
32,-1,52
35,-6,85
35,0,124
34,4,102
34,3,91
32,8,116
33,-1,41
33,-6,57
32,1,34
34,-3,89
34,-7,85
34,-5,78
32,-8,8
34,7,95
33,1,77
32,18,89
33,7,36
34,-5,57
32,-2,127
35,3,108
33,-2,127
34,7,115
34,-1,117
34,-1,58
34,-2,108
32,5,93
32,11,38
36,3,88
34,3,99
33,0,41
32,-9,-17
34,-3,45
32,20,33
33,2,120
33,-9,8
34,-5,57
34,-3,33
32,-2,81
33,-7,25
32,2,127
34,8,94
34,-2,102
34,-7,46
32,0,80
32,-5,43
33,-9,24
33,-2,104
32,11,116
34,-1,49
33,-2,16
32,8,57
34,4,111
34,-5,5
32,22,120
36,-9,78
34,-5,52
34,4,49
34,-2,89
36,-7,69
34,-2,59
34,8,80
33,10,34
36,-11,89
33,-2,35
32,21,75
32,7,56
34,-5,92
34,-7,36
32,9,35
32,12,127
32,4,127
33,-1,18
32,7,73
32,32,17
35,-4,76
33,-3,23
32,-3,65
32,9,51
34,-3,12
34,0,127
32,12,43
32,9,54
34,-7,58
34,-1,109
34,-7,46
34,-4,102
33,8,77
34,-7,42
36,-7,40
32,-2,51
33,9,105
32,15,120
32,9,69
35,-7,40
32,9,80
32,1,60
34,14,44
37,-9,103
36,-9,54
32,17,127
32,8,123
33,-2,84
35,4,112
32,5,46
34,-2,34
32,14,127
36,-2,104
33,-3,100
34,8,77
36,-5,96
36,-4,90
34,5,65
34,10,44
32,-9,62
32,10,87
34,10,67
35,-5,86
35,-4,126
34,1,120
33,-2,28
32,5,-13
34,6,32
36,-7,99
34,5,127
32,11,86
32,15,125
32,17,127
32,-3,127
32,2,127
32,-2,127
33,6,127
32,2,127
32,3,127
32,16,127
32,8,127
32,1,127
32,16,120
33,-2,127
32,18,115
35,-4,99
34,5,77
33,9,107
34,-2,84
33,-2,127
34,-1,82
32,2,127
32,7,127
32,2,127
33,-2,127
34,-5,127
35,-4,119
34,8,127
36,3,127
32,5,47
34,7,107
32,8,127
34,3,127
33,3,127
34,-5,75
33,-1,127
36,-9,127
34,5,103
33,5,127
34,-3,34
34,-2,58
32,20,123
32,9,127
32,9,52
33,15,127
33,2,100
33,9,96
32,10,112
32,-7,18
33,-5,104
34,-3,87
33,-1,127
32,9,86
34,2,111
34,1,40
34,-2,127
32,9,127
33,9,127
32,-2,58
32,14,70
32,2,127
34,5,42
34,-2,127
32,7,89
32,18,111
32,5,127
34,10,109
32,-2,118
34,5,127
34,5,127
32,9,92
34,8,127
34,-7,41
32,18,101
34,6,120
32,8,127
34,5,127
34,5,127
34,-3,112
34,-2,102
33,5,97
32,5,127
34,-2,127
32,5,127
36,2,103
34,-6,86
32,10,77
33,5,127
33,-3,82
33,-1,66
34,-5,59
34,5,64
32,11,127
32,15,127
33,-3,127
33,10,123
33,7,122
34,4,127
34,-2,118
33,2,125
34,6,86
32,12,127
33,13,121
32,12,127
32,9,13
35,-5,127
33,-7,51
34,-4,127
34,2,72
34,-1,127
34,7,127
35,-4,127
33,-2,127
34,-2,127
35,-5,127
32,-3,127
32,10,127
32,-2,112
32,11,127
32,12,127
34,-3,106
33,2,127
32,2,112
33,5,72
34,-1,127
36,-2,127
33,1,66
33,6,127
34,1,127
34,-4,91
32,12,127
36,-5,127
34,1,127
32,7,127
33,11,127
32,11,127
32,2,127
32,0,127
33,0,81
32,5,23
33,-5,-4
36,-4,127
34,-2,127
32,-2,111
33,1,125
33,2,127
35,-4,127
34,10,127
32,2,127
32,12,127
32,11,127
32,11,127
32,7,127
35,-2,90
32,17,117
35,-4,121
36,1,106
32,5,127
34,0,127
32,10,127
36,-4,96
34,7,124
32,14,127
36,-7,117
32,12,127
34,2,127
38,-13,100
34,1,112
34,-5,127
33,-9,29
33,3,76
33,-5,127
34,15,103
32,2,111
33,7,69
32,18,127
33,-1,110
34,-2,127
34,-2,127
34,6,74
34,10,88
33,-5,77
34,-2,127
32,7,127
34,-3,112
32,8,127
32,5,79
32,6,127
32,17,127
33,-1,127
34,-1,127
33,7,88
34,1,83
32,9,96
34,8,127
34,1,54
32,7,127
33,0,127
33,7,71
32,5,83
34,7,117
34,1,114
32,12,127
32,8,127
33,-5,97
34,-3,87
32,3,127
34,-1,127
35,-2,116
33,-7,100
33,-1,20
34,-1,96
32,-5,73
34,6,127
36,-2,64
32,13,119
34,-2,121
34,-5,120
34,-5,69
33,0,123
34,10,127
33,9,127
36,-6,110
36,-7,48
33,-6,54
32,8,97
34,4,127
34,-2,127
32,8,41
32,19,127
33,-3,101
34,10,127
32,3,75
32,6,87
33,6,127
34,9,127
34,-2,127
35,-4,127
34,-2,111
34,-2,78
32,6,50
32,9,54
36,1,95
34,4,127
32,7,88
32,11,55
32,8,71
32,0,127
34,-1,127
34,-7,73
34,5,-2
34,-2,127
34,3,127
34,-3,0
34,-4,99
34,7,77
36,-1,98
32,-5,-8
34,-2,101
34,-2,67
33,5,127
37,-9,110
34,9,123
32,12,117
32,7,127
35,-1,88
34,-3,127
33,-5,127
32,11,127
33,-2,127
33,-2,94
32,22,127
32,14,127
32,10,127
32,20,66
34,-2,87
32,15,118
34,0,127
34,6,123
32,3,127
34,-1,127
32,3,127
34,-1,127
32,16,127
32,6,127
32,4,127
32,0,127
32,14,127
32,13,127
32,4,127
32,9,127
32,9,127
32,3,127
32,9,127
32,3,127
32,14,127
32,11,127
32,8,127
32,10,127
32,7,127
32,10,127
36,1,78
36,-9,127
33,3,127
32,10,126
32,18,48
34,-2,28
33,-2,127
33,4,73
32,2,94
32,3,97
32,3,56
32,10,104
34,-2,125
33,1,116
34,-1,127
34,1,111
33,-2,34
32,10,72
34,-2,33
32,8,127
34,-1,127
36,-5,87
32,3,127
32,23,71
35,3,99
35,-5,79
34,-2,88
34,-1,127
35,-8,120
32,22,121
34,-3,89
35,-1,51
32,5,60
33,-3,56
34,-2,106
33,5,92
32,0,26
34,-2,121
33,-1,127
33,-7,65
33,2,96
36,-5,75
33,-3,95
36,-2,89
36,1,54
34,-5,36
32,-9,52
32,6,127
34,13,97
34,-4,109
32,6,72
34,10,61
34,-3,109
34,4,106
33,8,127
34,7,86
32,20,127
32,-2,127
32,14,127
34,-2,117
36,-5,86
34,-1,127
32,12,127
34,-2,127
36,-1,81
32,-3,88
32,16,127
34,-5,95
34,8,127
32,3,127
32,8,127
34,-5,122
32,1,127
32,16,127
32,2,127
32,17,127
32,10,127
34,1,127
33,-3,127
34,5,127
32,7,127
32,13,127
32,11,127
32,6,127
32,9,127
32,5,127
32,1,98
36,-7,44
33,-7,69
36,-9,46
32,1,110
36,-4,110
33,-7,102
34,-1,105
36,-5,97
34,-2,67
36,-4,127
33,-3,69
34,4,51
32,-3,67
32,14,127
33,15,115
32,3,127
32,3,127
32,14,127
32,8,127
32,-1,127
33,-2,91
37,-6,119
34,-1,111
32,20,127
33,-1,34
34,-1,91
32,3,127
33,7,86
34,-3,92
34,-7,127
32,9,127
32,2,127
32,18,79
34,-2,117
32,5,34
33,-3,97
33,-3,109
32,14,-4
36,-9,66
36,-5,110
33,8,122
34,-2,113
34,-2,95
33,-2,106
36,-4,101
34,-2,87
32,12,107
34,1,127
34,-3,127
32,8,85
35,-4,127
32,20,-10
34,-5,41
34,8,127
32,-3,67
35,-8,52
34,1,127
34,5,91
33,-3,84
33,4,127
33,-5,0
36,-7,116
36,-5,67
33,7,93
35,-2,97
32,9,38
36,-4,106
36,-2,115
34,1,124
32,-2,-22
34,-7,88
34,-9,40
33,1,56
33,-3,33
34,5,77
32,-2,1
32,-2,42
34,-2,60
32,11,127
34,-5,127
36,-5,98
32,7,74
33,18,32
33,12,103
34,3,87
32,-5,68
34,7,127
34,1,127
34,-1,90
35,-2,103
34,-2,127
36,-5,120
34,-3,47
33,-7,89
34,10,34
32,-1,17
34,10,127
32,0,127
32,11,123
36,-7,85
34,-5,127
36,-2,88
32,-4,57
34,-2,84
34,12,97
32,20,62
33,3,85
36,9,72
32,3,56
33,1,74
34,-1,64
34,-2,101
33,4,95
33,9,82
35,-4,88
36,-5,127
33,-5,1
35,-2,127
32,2,87
33,5,12
34,-4,127
34,-3,127
34,-4,72
36,-2,127
34,7,54
32,0,108
34,-3,54
33,1,124
36,-5,127
34,7,127
34,-9,31
34,-3,99
32,1,127
34,-5,127
36,-5,127
33,-2,107
34,-3,46
34,7,99
32,7,-3
32,9,110
32,0,6
34,-5,69
32,3,53
34,1,100
36,-9,70
34,-7,101
34,-3,23
32,2,77
34,-5,47
33,-2,93
34,-7,76
32,21,18
35,-5,110
34,-1,74
32,3,64
33,-2,37
33,-2,85
32,14,96
33,-1,5
32,-5,81
34,1,61
32,5,31
35,-5,127
34,-3,49
33,-2,127
32,9,107
34,-2,108
33,7,127
33,-1,37
34,-7,36
34,-5,87
34,7,127
33,-1,2
33,-5,123
35,-7,22
35,-2,120
34,12,80
36,-5,95
34,-2,127
36,-4,127
38,-9,70
32,3,16
34,-2,119
33,7,120
33,-1,121
36,-7,82
34,1,65
33,10,105
33,-7,3
34,-3,127
34,4,120
33,-3,62
36,-5,127
34,0,71
34,1,127
35,-1,99
34,3,60
35,-5,111
35,-9,46
34,-2,85
33,-7,77
34,4,114
36,12,64
36,-2,127
36,-5,80
34,4,127
34,-5,31
36,-5,127
34,1,54
36,-5,118
36,-2,122
35,-5,127
36,-2,127
36,-4,127
34,8,127
33,5,38
32,5,51
33,4,110
36,-5,83
35,-3,127
32,5,31
33,5,49
36,-5,127
35,-1,116
32,3,109
36,-5,112
33,-1,127
32,16,34
34,7,75
33,10,117
34,1,63
34,3,85
33,-3,127
34,-2,121
34,-5,25
34,8,127
36,-5,126
36,3,99
36,-2,103
37,-9,119
34,16,24
33,-7,76
36,-5,127
35,-4,77
36,-5,127
36,-5,99
33,3,127
34,5,73
33,-1,27
34,3,101
35,-5,91
32,-5,20
36,3,103
34,-5,68
33,-2,102
34,-2,127
34,-2,127
36,-9,66
36,-9,88
32,3,103
36,-5,89
34,-1,83
34,3,92
35,-5,127
36,3,94
34,-2,53
33,-7,86
36,-2,109
36,-2,101
32,11,84
35,-2,107
36,-4,89
36,0,80
32,5,119
33,-3,55
34,-3,114
36,-2,127
36,-5,90
36,-1,58
35,-5,34
32,-3,115
34,-3,74
35,-8,104
34,-2,56
36,-9,72
33,6,110
33,-2,105
36,-5,120
34,4,103
32,8,78
36,3,97
36,-2,127
36,-4,91
33,0,35
33,-3,121
37,-9,76
32,10,89
34,-7,34
35,-5,50
35,-5,121
36,3,98
32,22,85
34,5,94
33,6,49
34,-5,107
36,-2,115
34,1,114
36,-2,127
34,-5,101
34,5,100
34,-2,28
34,-9,95
35,-5,127
34,-5,58
34,-2,57
34,7,86
36,3,114
36,-5,127
35,-4,92
34,2,127
36,-5,126
34,3,59
38,-11,78
35,3,111
34,5,114
36,-4,127
34,1,42
33,7,34
34,-3,73
32,8,85
34,-3,112
33,-3,34
36,-5,98
32,20,127
37,-9,72
33,3,103
34,12,62
34,-4,114
35,-2,127
36,-4,127
36,-2,101
33,8,61
37,-8,127
34,1,106
36,-4,96
36,-2,127
36,-5,104
37,-9,105
34,-2,124
34,7,127
34,-3,57
33,0,127
34,-2,85
34,-4,89
36,-6,110
35,-9,8
34,7,88
34,-2,64
36,-4,88
32,3,45
36,-9,122
34,-9,22
34,-3,62
33,-1,114
33,-2,67
34,8,99
35,-4,127
36,-5,119
35,-4,89
34,-1,41
35,-5,127
33,3,23
33,11,34
34,16,40
36,1,106
36,-5,104
35,3,111
32,15,76
33,-2,69
34,-1,126
36,1,86
36,-2,95
35,-5,115
35,-2,96
34,1,95
35,-4,127
36,-5,108
36,-5,127
32,-5,44
36,-7,80
35,-7,31
34,-7,6
32,13,92
34,-3,59
33,5,115
34,-3,94
34,3,45
34,-5,66
33,-5,98
36,-5,62
34,-3,50
34,-1,44
34,-4,103
32,14,20
36,-5,126
38,-6,127
32,16,86
34,-2,124
34,8,127
34,4,127
36,-6,127
35,-5,95
34,-1,62
36,-5,127
34,8,93
36,-5,107
34,8,78
36,-2,121
34,-2,96
35,-7,123
34,-2,126
35,-4,116
33,-5,49
33,-1,98
33,-2,29
33,16,85
34,-3,64
33,-3,119
34,-3,79
34,-5,71
33,5,122
33,10,72
34,-9,58
34,6,63
34,13,75
37,-9,127
36,-5,85
34,-7,40
36,-5,105
36,-5,77
32,-1,38
36,-5,34
34,1,28
32,-5,6
36,-7,100
33,7,57
37,-8,126
34,-1,127
35,-5,127
36,-4,127
34,-3,127
36,-9,113
34,-3,119
36,-5,70
34,-1,98
34,-5,2
35,-2,127
32,-2,-1
36,-5,127
34,8,127
34,10,52
33,-3,115
36,-9,70
34,7,88
35,1,54
36,-7,84
36,-5,115
32,2,54
33,-9,17
36,-5,62
33,11,21
34,-5,70
36,-3,127
36,-4,127
35,-5,110
38,-4,88
37,-9,87
33,-2,74
32,12,28
34,-1,127
34,5,68
36,-5,127
34,-5,86
35,-9,41
36,-4,127
36,-5,113
33,-5,86
36,1,106
34,-5,93
35,-2,127
34,-5,54
34,-3,55
36,-5,103
36,-5,107
36,-4,127
36,-7,119
36,-4,127
33,-1,59
34,3,73
33,6,69
36,-7,97
34,-2,63
32,17,55
36,-5,127
33,-5,71
34,-2,109
36,1,82
34,3,69
34,-2,127
36,-7,34
33,-5,43
34,-2,95
36,-5,69
32,11,123
34,2,108
32,20,70
34,-3,36
36,1,69
34,7,108
34,-3,34
36,-4,78
33,-7,113
35,-5,97
33,3,96
32,8,110
36,-5,108
33,7,65
34,-3,103
36,3,64
35,-5,127
33,5,49
36,-5,122
34,10,126
34,-2,120
33,-2,95
34,-3,42
34,2,127
33,-5,-20
36,-5,87
36,-5,127
34,4,127
34,3,84
34,-3,75
32,9,110
36,-5,110
36,-9,67
33,-1,106
34,-5,86
34,2,127
34,-2,127
36,-5,103
34,3,72
34,-1,127
33,0,78
36,-5,127
34,-7,34
34,-5,105
36,-7,98
33,-5,-52
33,6,127
33,-1,54
35,-5,113
34,21,33
37,-9,125
35,-1,100
32,5,56
36,0,127
34,4,127
35,-5,127
36,-5,117
32,14,72
38,-9,78
34,-1,78
34,5,127
34,12,26
35,-7,103
35,-5,83
36,-5,109
34,-2,47
33,-2,47
36,-5,72
34,1,103
36,-5,60
35,-11,60
34,1,63
34,4,61
32,-2,16
35,-4,106
38,-9,72
33,-2,98
33,5,81
37,-13,88
36,-5,104
38,-8,111
36,-5,127
34,-2,85
36,-2,127
36,-4,103
33,-3,33
33,-4,127
35,1,105
34,-7,70
36,-5,127
34,-2,102
34,-5,113
34,-2,111
33,-1,32
32,-5,-26
34,-3,84
36,-5,96
36,-5,75
34,-3,72
34,-5,127
34,4,82
34,5,61
32,21,93
32,0,62
34,6,109
26,-7,56
34,-3,77
33,-3,47
34,-4,85
32,16,48
33,-3,78
33,-2,79
32,5,0
34,-1,96
34,1,92
34,4,74
33,-3,55
34,-5,67
34,-9,106
34,-2,93
32,8,59
32,7,94
34,-7,-2
34,-13,86
34,-7,74
35,3,40
36,-5,124
35,3,77
32,5,99
34,3,93
32,2,119
33,5,127
35,-5,120
35,-5,100
32,3,56
33,-3,34
34,1,80
34,10,43
34,8,105
33,-9,3
34,-2,104
34,7,97
35,-5,127
32,16,73
32,-3,-42
34,4,106
33,3,-21
36,-5,39
32,-9,84
32,9,77
32,9,101
35,-5,91
32,10,77
32,0,80
34,-2,51
32,-7,88
33,8,44
34,4,127
35,-5,100
34,-2,78
32,11,56
34,1,119
34,5,58
34,-9,66
33,-3,58
32,16,103
34,1,116
36,3,99
36,-5,124
34,-1,127
32,14,88
36,3,54
35,-1,78
34,-5,-8
35,-5,117
34,-7,38
32,0,38
33,6,82
33,-2,88
35,1,83
34,15,102
34,-9,48
34,-2,127
35,-5,127
34,-3,35
38,-9,120
33,8,127
33,5,127
32,17,112
32,3,127
32,5,127
32,11,127
32,4,127
32,10,127
32,5,127
32,22,127
34,2,121
32,10,127
32,6,127
34,-3,127
32,1,127
32,4,127
32,13,127
32,3,127
33,-2,127
32,4,127
32,3,127
32,10,94
34,-2,127
32,5,127
36,0,113
34,-5,88
36,-5,127
35,-2,71
34,-2,100
36,-2,115
34,-1,127
35,-4,127
33,-5,-20
34,-5,109
32,17,96
32,7,101
38,-8,124
34,-1,120
34,5,103
36,-7,107
34,3,69
37,-9,127
35,-5,127
35,-5,127
34,-4,58
34,15,105
36,-5,108
33,22,63
36,-5,118
32,1,21
36,-5,127
34,-1,127
34,-2,127
36,-5,127
34,7,127
33,6,38
34,1,34
34,-2,107
32,17,127
34,-9,78
34,1,83
34,5,127
33,-1,127
36,-8,127
34,-4,72
35,-4,115
32,13,74
33,3,98
36,-1,115
33,-7,-28
34,-3,53
32,9,121
34,-7,42
34,3,17
34,-2,127
33,14,91
34,7,76
33,-1,36
32,12,106
32,-5,43
32,6,127
33,3,127
32,11,94
36,-5,58
34,-2,48
33,5,78
36,-9,80
36,-5,114
34,3,62
34,-9,46
34,20,127
36,-9,36
32,3,127
34,-2,127
32,-3,11
36,-5,76
34,1,69
34,1,127
32,17,127
32,2,127
33,5,72
34,-1,108
32,16,99
35,1,41
33,-3,54
34,-7,94
34,-2,104
34,1,120
33,3,67
33,-2,53
33,-1,80
33,-3,87
36,-5,60
34,5,58
36,3,96
33,3,95
34,-6,85
34,-7,112
36,-6,120
34,-4,111
32,10,121
36,3,100
33,5,66
33,0,84
36,-9,81
36,-2,127
34,-1,110
36,-5,127
32,21,83
34,3,113
33,-1,55
34,-2,15
35,-7,87
32,-7,0
32,3,127
32,23,127
36,1,69
34,1,127
32,108,97
40,45,125
34,89,113
34,10,127
32,5,127
32,0,127
32,11,127
36,-1,89
34,-1,127
34,58,57
34,28,127
32,-1,127
33,1,127
32,6,127
32,-1,127
32,3,127
32,15,127
34,45,74
33,2,127
34,-2,127
34,11,103
34,94,127
34,19,127
32,3,59
31,-1,73
32,10,106
34,-1,127
32,9,78
32,5,50
36,-5,87
34,7,77
33,10,18
36,-1,72
34,7,30
33,-2,127
34,13,64
34,2,87
36,-7,64
32,11,53
36,0,85
32,10,83
34,7,76
34,11,49
32,12,96
32,11,64
35,-2,88
34,5,84
34,-2,40
32,12,49
37,-9,67
34,-7,46
34,-9,4
32,0,-30
34,8,55
34,7,58
33,-4,103
34,8,32
34,-5,67
34,-3,45
32,9,110
34,5,68
34,7,103
32,1,63
32,-3,90
34,17,22
32,7,35
31,-4,-34
34,1,71
34,1,125
34,3,70
34,-9,39
32,-3,32
35,-4,102
32,5,45
32,14,101
34,-2,93
33,-9,-54
32,-2,40
32,16,121
34,-2,121
34,-7,42
36,-5,58
34,-1,95
34,3,70
34,7,64
32,1,68
34,14,86
32,5,40
34,-9,24
34,3,24
34,8,108
33,-2,25
33,6,74
33,-2,127
33,-3,29
36,-9,65
32,0,80
33,-3,96
34,0,96
36,-11,66
36,-1,127
34,-2,73
32,17,119
35,-5,116
36,3,80
33,6,52
33,1,24
32,23,81
33,-2,92
33,5,90
34,-2,127
34,-3,63
34,-7,70
34,1,65
33,3,8
36,-5,98
36,-5,100
34,-5,22
36,-5,127
36,-5,113
34,-5,106
34,1,38
32,-9,87
34,-5,20
36,-7,55
32,-2,-18
36,2,95
32,-5,37
34,-2,73
35,1,46
34,15,77
32,11,80
34,10,38
34,1,124
32,-5,-6
33,2,101
34,-2,82
32,7,50
34,8,94
34,-7,48
33,7,121
34,-2,120
33,6,69
34,3,33
34,-2,100
38,-9,120
34,-2,117
33,-3,80
34,-3,115
33,-2,55
33,-5,52
34,-5,85
34,-2,76
33,1,74
36,-5,127
33,-7,-14
32,-7,33
36,-3,127
36,-5,123
34,-1,49
36,-4,127
36,-2,127
34,4,120
36,-5,95
36,-5,98
33,7,13
32,-7,80
34,3,100
34,12,30
34,13,60
34,4,59
34,-3,88
34,10,87
34,-2,127
34,-2,127
32,3,21
33,-7,95
37,-8,119
34,16,104
32,5,121
33,7,72
35,-2,113
34,-2,101
32,3,36
35,-5,118
34,5,100
32,0,53
34,-9,62
33,0,8
37,-9,127
32,14,108
36,-5,55
32,7,75
34,7,118
32,12,19
34,1,9
33,-7,8
34,-3,41
36,4,89
34,-2,81
32,7,85
34,2,83
34,14,87
33,-2,127
34,-3,42
34,-2,73
33,6,99
35,-5,99
34,-5,56
32,7,23
33,-5,69
34,-2,73
34,-7,80
32,16,98
33,10,86
34,-9,41
34,-5,54
32,-2,84
33,7,101
34,3,111
36,-5,60
33,3,127
34,0,127
34,-3,48
34,4,94
32,7,97
34,-7,46
34,1,126
34,-1,90
38,-9,70
34,-2,127
34,-3,66
34,-7,69
34,-5,34
33,5,84
32,9,66
34,-1,41
34,-5,69
32,-2,15
35,-5,36
32,-2,96
36,-2,121
32,2,36
34,7,76
34,-3,51
34,3,120
33,1,114
33,-3,34
32,-1,-17
34,2,18
33,-7,74
35,2,110
36,-5,80
34,-5,55
33,-5,45
34,-2,91
34,5,75
34,-2,127
36,-5,119
35,0,99
32,7,51
34,5,67
34,3,61
32,11,24
32,16,54
34,-7,43
33,10,122
32,14,71
34,8,70
33,-5,49
32,3,28
34,-7,60
32,0,17
33,1,127
34,10,96
34,-3,42
35,1,107
33,4,127
34,-2,103
34,-2,116
34,-5,82
36,-7,120
33,-7,34
34,-1,95
34,6,70
35,-7,28
32,23,44
34,-2,37
34,7,34
32,5,58
34,1,92
34,-5,85
32,11,85
34,-1,60
34,7,127
33,-3,45
34,8,117
33,7,108
35,1,94
34,-3,71
34,-2,50
35,-6,120
34,-2,89
33,0,2
32,4,71
32,23,43
34,-9,69
32,3,72
32,5,32
35,-11,73
34,6,116
32,11,89
34,-3,21
32,-3,14
34,-1,17
34,-9,56
34,1,98
33,-5,49
36,-5,65
34,-2,87
33,7,63
32,-2,71
32,-1,27
32,2,15
34,-9,107
34,3,97
34,-1,91
32,16,-20
33,0,105
34,7,69
34,6,110
33,-3,111
32,21,96
33,-3,49
34,-3,60
33,3,127
34,-2,77
34,-5,71
35,-5,112
33,-6,69
34,-5,73
36,1,105
35,-7,54
34,-2,102
32,15,55
34,3,51
32,-2,28
32,15,112
33,5,127
36,3,58
35,-5,126
33,5,49
33,-2,51
36,-5,105
32,13,112
32,16,18
34,-7,29
33,-5,103
33,11,121
38,-9,91
34,-5,86
35,-4,102
33,1,26
33,-3,35
33,-5,79
36,-9,82
34,-7,126
36,-5,119
32,-2,40
33,-3,52
34,-3,77
34,-1,121
34,-2,122
35,8,73
36,-1,54
36,-5,111
34,-5,42
32,10,127
34,-1,59
34,-2,73
34,4,103
34,-2,81
34,-5,-4
33,-1,48
34,-2,31
36,-2,89
34,7,86
34,-2,111
36,-5,106
34,7,127
36,3,52
33,-1,100
34,-7,40
34,1,80
32,9,60
34,-5,66
36,-5,84
33,-2,29
34,-2,110
32,7,22
33,-5,69
34,-11,58
34,-5,98
32,-2,17
32,-2,28
32,5,44
34,3,127
32,3,79
35,-9,58
36,-7,61
35,-5,41
32,8,106
32,-2,84
36,-5,83
37,-8,91
34,1,22
33,4,59
34,3,127
33,2,14
36,-4,107
36,-5,124
34,3,26
33,3,4
34,-7,59
34,-2,79
36,-5,103
33,-3,34
34,3,36
32,11,25
32,5,44
34,2,74
32,5,82
32,11,61
33,6,50
34,3,48
36,1,119
33,-5,45
36,-9,67
33,-5,77
34,-2,44
33,-3,38
34,4,116
34,-7,68
32,5,32
33,13,120
33,11,77
32,12,88
35,-4,127
33,-2,82
36,-7,86
34,-3,58
34,1,78
34,3,41
32,1,-51
33,9,47
34,-2,112
32,11,73
32,2,17
32,-5,4
34,-2,55
33,-7,-35
34,-2,29
32,15,97
34,3,84
32,2,44
32,-5,58
34,1,37
34,-9,30
34,13,57
33,-3,67
34,-3,51
32,5,72
34,8,127
34,5,29
36,-1,52
32,11,73
35,-2,108
34,-5,-2
34,-7,62
34,-3,36
36,3,104
34,-7,34
33,-1,86
33,-7,89
32,-5,-41
33,1,80
34,7,74
32,7,46
32,5,95
34,-2,29
33,-1,120
34,2,127
34,16,62
32,-2,64
34,-2,104
32,-5,34
33,0,88
32,20,127
34,-1,70
32,26,51
35,-5,127
32,1,87
34,7,43
34,-2,127
34,7,21
32,-3,22
34,8,71
32,1,110
32,9,127
35,1,79
34,19,90
32,14,51
33,-1,25
32,16,90
32,4,35
32,-5,111
33,7,83
36,-11,35
36,3,33
32,9,48
34,-2,46
34,5,85
33,-4,115
34,1,103
36,-5,127
34,-2,86
36,-5,118
34,8,89
37,-9,111
34,-3,57
34,-3,55
32,8,127
34,-5,44
32,0,58
36,1,45
36,-5,59
34,3,127
32,22,49
32,5,45
33,1,41
33,-6,68
32,-2,121
34,-5,96
34,-3,107
34,-2,81
32,-3,122
32,10,127
32,2,127
34,-5,51
32,-1,127
34,-1,126
32,12,127
33,3,89
34,-1,127
34,-1,127
34,9,103
35,-4,107
33,3,127
32,3,72
34,3,85
34,-5,97
34,-2,62
36,-2,127
34,9,101
35,-2,70
32,13,127
34,14,68
34,2,127
32,5,43
33,-2,98
34,3,110
32,4,43
32,-3,40
32,3,107
34,14,103
34,-2,116
36,-3,127
34,10,55
33,-1,115
34,-1,102
32,8,42
34,7,68
33,7,89
34,3,123
35,-1,114
32,17,127
32,22,105
34,-5,79
32,9,126
33,-3,118
32,1,95
34,-2,112
32,10,127
33,7,86
32,20,113
34,-2,118
34,-2,87
33,5,127
32,7,121
34,-3,118
34,8,113
32,8,102
36,-5,127
33,-4,35
33,-3,120
32,10,120
34,-3,74
33,-7,84
33,-1,127
33,-2,127
32,1,101
34,-1,43
32,-5,86
34,7,127
36,-5,127
33,10,126
34,-9,20
32,-3,52
32,9,127
34,2,123
32,-2,127
32,19,127
34,-2,123
33,-2,84
33,-2,105
36,-5,60
32,9,65
35,-2,127
32,9,95
34,2,120
36,-5,71
33,-2,91
34,-2,70
34,4,93
33,-5,81
34,-2,103
36,-5,104
36,-9,51
34,1,127
34,5,82
34,-9,0
33,4,127
33,-5,39
36,-11,68
34,6,86
33,1,77
32,7,70
32,-9,13
34,-5,91
34,-2,127
33,-1,75
35,-2,127
34,-5,37
34,7,127
33,-5,8
34,7,87
34,-3,24
32,14,100
34,-2,103
32,1,77
33,7,127
35,-5,119
32,-2,66
35,-5,51
35,-5,104
34,3,82
36,9,119
32,2,74
34,1,121
36,-9,34
34,7,124
33,19,52
32,5,97
32,7,127
32,9,96
36,-7,52
34,4,127
36,-5,101
34,-3,127
34,-2,71
34,-3,20
33,7,127
34,5,68
32,3,127
36,-2,127
34,-2,127
36,-2,127
33,-2,93
33,1,127
32,8,127
35,-5,127
36,-5,121
32,5,48
35,-5,84
32,5,78
34,4,127
32,0,5
32,8,72
34,-3,66
32,0,127
32,13,127
32,-2,42
32,3,38
34,-4,95
35,-5,127
34,8,52
33,7,127
32,3,116
34,3,63
32,0,59
34,-1,111
32,14,123
34,1,111
34,-2,80
33,1,127
33,5,127
32,26,70
38,-9,72
34,7,127
35,-4,127
35,-5,127
33,3,78
36,-2,113
32,11,69
35,-5,127
33,16,60
34,-4,127
34,4,127
34,-2,114
34,-2,127
34,-3,76
34,-3,1
34,-3,77
34,8,127
38,-9,127
32,-2,55
34,-2,105
33,-2,127
34,3,115
33,3,73
33,-2,127
34,-5,127
33,4,127
32,8,127
33,16,55
34,2,99
35,-4,127
34,6,116
34,-3,127
35,-5,127
34,-5,34
32,3,74
35,-5,105
35,-4,127
36,3,82
35,-4,127
34,5,127
33,-7,91
36,-5,82
34,12,85
32,15,127
35,-5,127
34,6,118
35,-5,109
35,-5,127
34,3,127
34,-7,58
34,-2,127
34,2,104
34,9,127
34,3,86
34,-5,39
36,-5,90
33,7,68
36,-4,81
34,-1,108
36,-5,119
36,-8,74
34,1,54
36,-5,127
33,0,68
32,21,102
35,-5,127
33,-4,126
36,-5,73
34,8,126
33,-2,127
32,-2,127
33,1,127
34,4,77
34,-1,120
34,4,103
32,9,127
33,-5,42
36,-5,127
34,-2,88
36,-7,82
34,-3,104
36,1,52
36,-5,110
34,-2,85
36,-4,127
36,-9,67
32,-3,33
35,-9,75
34,-5,127
32,3,119
33,0,86
36,-5,121
34,8,102
35,3,114
32,-2,84
34,8,103
32,15,127
33,12,78
34,6,127
34,-4,122
33,9,120
34,-2,104
34,8,101
34,4,81
34,3,90
32,9,82
34,-4,84
34,3,60
32,7,86
34,-6,82
32,7,24
34,-3,71
33,8,84
34,5,124
34,5,127
36,3,60
34,-7,110
34,8,127
34,5,49
36,-2,127
34,-5,70
34,1,30
36,-5,127
36,1,88
34,8,127
35,-5,127
32,8,127
34,-7,42
36,-5,93
34,1,127
35,-5,95
32,11,115
34,13,127
32,20,127
32,0,74
32,13,61
36,-9,68
34,2,115
33,-1,100
34,3,126
33,7,83
33,5,99
34,7,85
35,-7,36
32,-7,16
33,-5,79
34,1,127
33,1,102
32,5,35
33,11,99
34,7,90
33,1,114
35,5,126
33,-7,78
36,-5,127
36,-5,93
34,7,127
34,-3,72
32,11,127
32,-7,37
33,12,121
34,-2,127
32,6,127
33,10,116
35,3,127
36,-5,51
34,-3,127
34,-1,126
34,-3,127
32,7,111
35,-9,79
34,-2,127
32,7,113
32,19,98
32,4,89
35,1,127
32,0,-5
34,5,72
33,2,127
34,16,102
32,13,127
32,9,127
34,10,127
34,4,127
32,3,127
32,14,127
32,-3,127
32,7,127
32,12,127
35,-4,127
32,15,92
34,3,54
34,7,127
33,-9,84
33,2,61
33,-2,53
32,-7,60
33,-2,105
33,-7,84
34,7,99
33,12,48
32,4,114
34,14,92
34,-1,29
32,9,73
33,-3,93
34,-5,60
33,-2,116
36,-5,64
32,2,58
32,18,39
34,-2,58
32,12,34
33,0,116
32,7,43
34,7,79
34,1,68
34,5,60
36,-5,48
34,-2,127
33,-1,51
34,-3,41
33,-6,92
32,1,48
36,-5,89
34,-7,2
34,-2,4
36,-5,103
32,12,112
32,-2,5
33,-2,109
34,-7,29
34,-3,127
34,-2,91
32,8,66
34,5,106
36,-5,62
32,5,65
34,-7,66
34,-3,78
33,5,61
35,-5,103
36,10,64
36,-5,117
34,3,45
34,-2,105
32,9,77
34,7,46
33,-2,117
34,3,88
33,3,46
32,0,63
34,8,82
32,3,58
34,4,49
33,-1,127
34,-5,14
34,3,96
32,-13,86
32,-2,69
48,7,37
22,-2,50
52,-3,64
34,-7,19
33,32,120
32,3,64
32,-5,92
34,1,127
32,-3,4
32,-7,40
32,3,42
29,-2,44
32,7,51
30,2,109
38,37,121
38,8,85
32,-9,6
32,3,127
32,-5,-9
32,-3,31
32,-2,40
34,7,10
32,-3,81
34,-2,49
34,12,44
33,-3,31
32,-3,-15
30,-4,56
26,2,0
32,8,119
34,-2,106
36,0,109
32,-3,80
34,-7,34
33,11,127
36,3,111
30,-5,17
33,-5,43
34,-2,38
32,37,127
34,7,124
32,7,4
33,-3,98
35,-4,127
33,8,94
32,0,127
34,49,57
33,8,127
32,8,127
32,6,127
32,5,127
32,8,127
32,8,127
32,2,127
32,13,127
33,4,127
32,1,127
32,6,127
32,4,127
32,13,127
32,6,127
32,6,127
